Cust,Group,Document,Date,Part Number,Description,Qty,Sales,Cost,Margin,Perc%
AB001,TRADE,SS100010,29/09/2026,SWUX100,Control Cleaner,2,20.00,10.00,10.00,50.000
RETAIL,RETAIL,SS306121,29/09/2026,SWUX101,Power Maxed UX Cleaner,1,,5.00,,
RETAIL,RETAIL,SC506091,29/09/2026,SWUX101,Power Maxed UX Cleaner,-1,,-5.00,,
AB001,TRADE,SS100011,29/09/2026,SWUX102,Sterling sales with pound,1,£12.50,6.00,6.50,52.000
AB001,TRADE,SC100012,29/09/2026,SWUX102,Credit with CR marker,-1,12.50CR,6.00CR,6.50CR,
AB001,TRADE,SC100013,29/09/2026,SWUX103,Unicode minus credit,-1,−8.99,-4.00,-4.99,
RETAIL,RETAIL,TOTAL,29/09/2026,TOTAL,Customer total,,,,
"RETAIL","WT","SS306120","01 Oct 26","SWUX101","14" Phoenix Premium Boxed Whee","1","24.99","9.99","15.00","60.02"
"RETAIL","WT","SC506090","01 Oct 26","SWUX101","14" Phoenix Premium Boxed Whee","-1","-24.99","-9.99","-15.00","60.02"
"RETAIL","WT","SS306122","01 Oct 26","SWUX104","15" Alloy Wheel Cap","2","10.00","4.00","6.00","60.00"
"RETAIL","WT","SS306123","01 Oct 26","SWUX105","16" Spare Cover","1","8.50","3.00","5.50","64.71"
RETAIL,WT,SS306124,01/10/2026,SWUX106,500ml Interior Cleaner,3,15.00,6.00,9.00,60.00
RETAIL,WT,SS306125,01/10/2026,SWUX107,Normal description without quotes,1,5.00,2.00,3.00,60.00
RETAIL,WT,SS306199,01/10/2026,SWUX199,CORRUPT ONLY TWO TRAIL,not-a-qty,still-bad
